data,programa,n_instrucao,n_clock,cpi,ipc,mips,t_cpu
Wed Jun 29 15:20:03 2022,Exp-1,5003,6706,1.340396,0.746048,746.048315,0.000007
Wed Jun 29 15:20:03 2022,Exp-2,3503,6296,1.797317,0.556385,556.385006,0.000006
Wed Jun 29 15:20:03 2022,Exp-3,3009,6404,2.128282,0.469863,469.862586,0.000006
Wed Jun 29 15:20:03 2022,Exp-4,2753,6451,2.343262,0.426756,426.755542,0.000006
Wed Jun 29 15:20:03 2022,Exp-5,2603,6886,2.645409,0.378013,378.013360,0.000007
